{
  "project_info": {
    "project_number": "197256880140",
    "firebase_url": "https://bookmark-913df.firebaseio.com",
    "project_id": "bookmark-913df",
    "storage_bucket": "bookmark-913df.appspot.com"
  },
  "client": [
    {
      "client_info": {
        "mobilesdk_app_id": "1:197256880140:android:f0eed3490ac08b495d8e29",
        "android_client_info": {
          "package_name": "com.example.bookmarkmanagement"
        }
      },
      "oauth_client": [
        {
          "client_id": "197256880140-kv0g813bdc52m16sv9d9o2rf6q2he48f.apps.googleusercontent.com",
          "client_type": 1,
          "android_info": {
            "package_name": "com.example.bookmarkmanagement",
            "certificate_hash": "ddb4cfc74d92466fd3e909b8ad804464d13738fd"
          }
        },
        {
          "client_id": "197256880140-rk2nhlm8u578h9lp5fnmvrtjtvl3vp9g.apps.googleusercontent.com",
          "client_type": 3
        }
      ],
      "api_key": [
        {
          "current_key": "AIzaSyC6OPMJHD3zkLufpJ7Ljq6Fpr5sJnPHXsc"
        }
      ],
      "services": {
        "appinvite_service": {
          "other_platform_oauth_client": [
            {
              "client_id": "197256880140-rk2nhlm8u578h9lp5fnmvrtjtvl3vp9g.apps.googleusercontent.com",
              "client_type": 3
            }
          ]
        }
      }
    }
  ],
  "configuration_version": "1"
}